group,stories,rater_pairs_per_story,pair_observations,mean_jaccard_distance,alpha_jaccard,observed_disagreement,expected_disagreement,exact_set_agreements,exact_set_agreement_rate,mean_absolute_label_count_difference,mean_labels_per_rating,iterations,finite_alpha_iterations,mean_jaccard_distance_95_ci,alpha_jaccard_95_ci,alpha_interpretation,mean_labels_per_human_rating,mean_labels_per_llm_rating
humans,114,1,114,0.25146198830409355,0.7438718230797439,0.25146198830409355,0.9817818223974032,61,0.5350877192982456,0.4649122807017544,1.8991228070175439,2000,2000,0.198099415205;0.304824561404,0.687391531789;0.795960001604,,,
llms,114,3,342,0.36150097465886943,0.6317544993115609,0.36150097465886943,0.9816847021431063,125,0.3654970760233918,0.543859649122807,1.9619883040935673,2000,2000,0.319785575049;0.403853557505,0.586046264846;0.67150452589,,,
human_llm,114,6,684,0.36976120857699807,0.6227268088046332,0.36976120857699807,0.9800887452549502,250,0.3654970760233918,0.49853801169590645,1.936842105263158,2000,2000,0.330185185185;0.410846734893,0.578926890931;0.660154336667,cross-group alpha analogue; separate human and LLM marginals,1.8991228070175439,1.9619883040935673
all_five,114,10,1140,0.355453216374269,0.6376375443219034,0.355453216374269,0.9809327947872024,436,0.3824561403508772,0.5087719298245614,1.936842105263158,2000,2000,0.318062865497;0.392927266082,0.597552975948;0.673034284191,,,
