{
  "scope": {
    "raw_review_records": 267,
    "unique_reviewed_scenarios": 114,
    "raters": [
      "gpt52",
      "gemini31_pro",
      "deepseek_v4",
      "jackie",
      "qs"
    ],
    "duplicate_source_descriptions_excluded_from_target_count": 28
  },
  "icc": {
    "label_count_all_five_raters": {
      "targets": 114,
      "raters": 5,
      "icc_a_1": 0.327804036446633,
      "icc_a_k": 0.7091591953531411,
      "ms_targets": 0.9320912901723335,
      "ms_raters": 7.773684210526318,
      "ms_error": 0.22412668840242198,
      "icc_a_1_bootstrap_95_ci": [
        0.2160467212793477,
        0.42128340131898145
      ],
      "icc_a_k_bootstrap_95_ci": [
        0.5794663695044258,
        0.7844738162958005
      ]
    },
    "label_count_humans_only": {
      "targets": 114,
      "raters": 2,
      "icc_a_1": 0.3035599300892283,
      "icc_a_k": 0.4657398913273588,
      "ms_targets": 0.5414143766495886,
      "ms_raters": 1.267543859649123,
      "ms_error": 0.2852429746933705
    },
    "label_count_llms_only": {
      "targets": 114,
      "raters": 3,
      "icc_a_1": 0.32103548966756507,
      "icc_a_k": 0.5865193899186102,
      "ms_targets": 0.6298452621228587,
      "ms_raters": 14.643274853801174,
      "ms_error": 0.18604771515810176
    },
    "conditional_exact_pair_incidence_all_five": {
      "targets": 340,
      "raters": 5,
      "icc_a_1": 0.27944357876582804,
      "icc_a_k": 0.6597576917856658,
      "ms_targets": 0.4786118341141766,
      "ms_raters": 2.6064705882352937,
      "ms_error": 0.15809300711435018
    },
    "conditional_top_level_incidence_all_five": {
      "targets": 193,
      "raters": 5,
      "icc_a_1": 0.38950154389060426,
      "icc_a_k": 0.7613381617520262,
      "ms_targets": 0.37238773747841103,
      "ms_raters": 0.7031088082901554,
      "ms_error": 0.08644214162348879
    },
    "all_209_pair_incidence_sensitivity": {
      "targets": 23826,
      "raters": 5,
      "icc_a_1": 0.743106931781615,
      "icc_a_k": 0.9353309648746677,
      "ms_targets": 0.036472991623689374,
      "ms_raters": 0.03719466129438429,
      "ms_error": 0.0023573055756014967
    }
  },
  "rater_summary": {
    "gpt52": {
      "mean_label_count": 2.219298245614035,
      "label_count_distribution": {
        "1": 6,
        "2": 77,
        "3": 31
      }
    },
    "gemini31_pro": {
      "mean_label_count": 2.1140350877192984,
      "label_count_distribution": {
        "1": 14,
        "2": 73,
        "3": 27
      }
    },
    "deepseek_v4": {
      "mean_label_count": 1.5526315789473684,
      "label_count_distribution": {
        "1": 58,
        "2": 49,
        "3": 7
      }
    },
    "jackie": {
      "mean_label_count": 1.8245614035087718,
      "label_count_distribution": {
        "1": 30,
        "2": 76,
        "3": 6,
        "4": 2
      }
    },
    "qs": {
      "mean_label_count": 1.9736842105263157,
      "label_count_distribution": {
        "1": 26,
        "2": 67,
        "3": 19,
        "4": 2
      }
    }
  },
  "pairwise_set_agreement": {
    "gpt52__gemini31_pro": {
      "mean_jaccard": 0.7296783625730994,
      "mean_label_f1": 0.8011695906432749,
      "exact_set_agreements": 59,
      "exact_set_agreement_rate": 0.5175438596491229
    },
    "gpt52__deepseek_v4": {
      "mean_jaccard": 0.5997076023391813,
      "mean_label_f1": 0.7017543859649122,
      "exact_set_agreements": 33,
      "exact_set_agreement_rate": 0.2894736842105263
    },
    "gpt52__jackie": {
      "mean_jaccard": 0.6564327485380117,
      "mean_label_f1": 0.7451127819548872,
      "exact_set_agreements": 42,
      "exact_set_agreement_rate": 0.3684210526315789
    },
    "gpt52__qs": {
      "mean_jaccard": 0.7059941520467836,
      "mean_label_f1": 0.7869256474519633,
      "exact_set_agreements": 50,
      "exact_set_agreement_rate": 0.43859649122807015
    },
    "gemini31_pro__deepseek_v4": {
      "mean_jaccard": 0.5861111111111111,
      "mean_label_f1": 0.685672514619883,
      "exact_set_agreements": 33,
      "exact_set_agreement_rate": 0.2894736842105263
    },
    "gemini31_pro__jackie": {
      "mean_jaccard": 0.5994152046783625,
      "mean_label_f1": 0.6928153717627402,
      "exact_set_agreements": 37,
      "exact_set_agreement_rate": 0.32456140350877194
    },
    "gemini31_pro__qs": {
      "mean_jaccard": 0.6808479532163743,
      "mean_label_f1": 0.7673767752715122,
      "exact_set_agreements": 47,
      "exact_set_agreement_rate": 0.41228070175438597
    },
    "deepseek_v4__jackie": {
      "mean_jaccard": 0.5448830409356725,
      "mean_label_f1": 0.6225981620718463,
      "exact_set_agreements": 37,
      "exact_set_agreement_rate": 0.32456140350877194
    },
    "deepseek_v4__qs": {
      "mean_jaccard": 0.593859649122807,
      "mean_label_f1": 0.6866332497911445,
      "exact_set_agreements": 37,
      "exact_set_agreement_rate": 0.32456140350877194
    },
    "jackie__qs": {
      "mean_jaccard": 0.7485380116959064,
      "mean_label_f1": 0.8184210526315789,
      "exact_set_agreements": 61,
      "exact_set_agreement_rate": 0.5350877192982456
    }
  },
  "human_exact_set_agreements": 61,
  "human_exact_set_agreement_rate": 0.5350877192982456,
  "human_disagreement_scenarios": 53,
  "duplicate_review_stability": {
    "repeated_scenario_reviewer_pairs": 36,
    "exactly_repeated_label_sets": 30,
    "exact_repeat_rate": 0.8333333333333334,
    "resolution": "latest eligible saved decision per reviewer used for each unique scenario"
  }
}
